_id,name,email,movie_id,text,date
5a9427648b0beebeb69579cc,Andrea Le,andrea_le@fakegmail.com,573a1390f29313caabcd418c,this is a comentary for the film,1332804016000
5a9427648b0beebeb69579cd,James Smith,james_smith@fakegmail.com,573a1390f29313caabcd419c,Great plot twist at the end!,1546387200000
5a9427648b0beebeb69579ce,Emma Johnson,emma_johnson@fakegmail.com,573a1390f29313caabcd420c,Loved the cinematography,1590182400000
5a9427648b0beebeb69579cf,Isabel Ruiz,isabel_ruiz@fakegmail.com,573a1390f29313caabcd421c,"Not what I expected, but still good",1588291200000
5a9427648b0beebeb69579d0,John Doe,john_doe@fakegmail.com,573a1390f29313caabcd422c,Could have been better,1609459200000
5a9427648b0beebeb69579d1,Maria Gonzales,maria_gonzales@fakegmail.com,573a1390f29313caabcd423c,My favorite movie this year!,1617235200000
5a9427648b0beebeb69579d2,David Lee,david_lee@fakegmail.com,573a1390f29313caabcd424c,Solid performances from the cast,1625097600000
5a9427648b0beebeb69579d3,Lily Evans,lily_evans@fakegmail.com,573a1390f29313caabcd425c,Too long and dragged out,1635724800000
5a9427648b0beebeb69579d4,Robert Brown,robert_brown@fakegmail.com,573a1390f29313caabcd426c,Amazing visual effects,1651363200000
5a9427648b0beebeb69579d5,Sophia Wilson,sophia_wilson@fakegmail.com,573a1390f29313caabcd427c,Soundtrack was incredible,1661990400000
5a9427648b0beebeb69579d6,Mike Harris,mike_harris@fakegmail.com,573a1390f29313caabcd428c,I fell asleep halfway through,1672617600000
5a9427648b0beebeb69579d7,Laura Martinez,laura_martinez@fakegmail.com,573a1390f29313caabcd429c,Heartwarming story,1683244800000
5a9427648b0beebeb69579d8,Oliver Taylor,oliver_taylor@fakegmail.com,573a1390f29313caabcd430c,The director did a fantastic job,1693881600000
5a9427648b0beebeb69579d9,Chloe Wilson,chloe_wilson@fakegmail.com,573a1390f29313caabcd431c,Plot was predictable,1704508800000
5a9427648b0beebeb69579da,Ethan Johnson,ethan_johnson@fakegmail.com,573a1390f29313caabcd432c,The lead actor was superb,1715136000000
5a9427648b0beebeb69579db,Grace Davis,grace_davis@fakegmail.com,573a1390f29313caabcd433c,Lacking depth in the storyline,1725772800000
5a9427648b0beebeb69579dc,Jack Miller,jack_miller@fakegmail.com,573a1390f29313caabcd434c,I would watch it again!,1736486400000
5a9427648b0beebeb69579dd,Ava Lee,ava_lee@fakegmail.com,573a1390f29313caabcd435c,Great for a movie night,1747123200000
5a9427648b0beebeb69579de,Noah Martinez,noah_martinez@fakegmail.com,573a1390f29313caabcd436c,Too scary for me,1757760000000
5a9427648b0beebeb69579df,Isabella Smith,isabella_smith@fakegmail.com,573a1390f29313caabcd437c,Emotional rollercoaster,1779033600000
5a9427648b0beebeb69579e0,William Johnson,william_johnson@fakegmail.com,573a1390f29313caabcd438c,Captivating storyline,1768396800000
5a9427648b0beebeb69579e1,Sophie Brown,sophie_brown@fakegmail.com,573a1390f29313caabcd439c,Emotional rollercoaster,1779033600000
5a9427648b0beebeb69579e2,Mia Taylor,mia_taylor@fakegmail.com,573a1390f29313caabcd440c,Dialogue felt natural,1789670400000
5a9427648b0beebeb69579e3,Elijah Wilson,elijah_wilson@fakegmail.com,573a1390f29313caabcd441c,Incredible character development,1800307200000
5a9427648b0beebeb69579e4,Aiden Martinez,aiden_martinez@fakegmail.com,573a1390f29313caabcd442c,Suspense kept me on the edge of my seat,1810944000000
